Workbook

Sheet Quantidade de horas por serviço
A1: Código | B1: Descrição | C1: Quant horas | D1: valor hora | E1: cod_sevico
A2: 597 | B2: VISITA TECNICA PARA VERIFICACAO DE DEFEITO | C2: 2 | D2: 48 | E2: =VLOOKUP(A2, Página2!$A$1:$C$708, 3, FALSE) -> 6888325770
A3: 596 | B3: VISITA TECNICA PARA ORCAMENTO | C3: 2 | D3: 48 | E3: =VLOOKUP(A3, Página2!$A$1:$C$708, 3, FALSE) -> 6888325768
A4: 665 | B4: VISITA TÉCNICA | C4: 2 | D4: 48 | E4: =VLOOKUP(A4, Página2!$A$1:$C$708, 3, FALSE) -> 6888325914
A5: 595 | B5: VERIFICACAO DE GAS | C5: 0.5 | D5: 48 | E5: =VLOOKUP(A5, Página2!$A$1:$C$708, 3, FALSE) -> 6888325766
A6: 629 | B6: UNIDADE EXTERNA SPLITAO 7.5 TR SO FRIO 380V TRIF COMANDO 24V R410A CARRIER. | C6: 0 | D6: 48 | E6: =VLOOKUP(A6, Página2!$A$1:$C$708, 3, FALSE) -> 6888325836
A7: 594 | B7: TRANSPORTE E DESLOCAMENTO DE UNIDADE EVAPORADORA | C7: 0 | D7: 48 | E7: =VLOOKUP(A7, Página2!$A$1:$C$708, 3, FALSE) -> 6888325764
A8: 593 | B8: TRANSPORTE E DESLOCAMENTO DE UNIDADE CONDENSADORA | C8: 0 | D8: 48 | E8: =VLOOKUP(A8, Página2!$A$1:$C$708, 3, FALSE) -> 6888325762
A9: 592 | B9: TRANSPORTE DE EQUIPAMENTO DE AR CONDICIONADO | C9: 0 | D9: 48 | E9: =VLOOKUP(A9, Página2!$A$1:$C$708, 3, FALSE) -> 6888325760
A10: 591 | B10: TESTE DE CONEXOES DA CONDENSADORA | C10: 0.5 | D10: 48 | E10: =VLOOKUP(A10, Página2!$A$1:$C$708, 3, FALSE) -> 6888325758
A11: 590 | B11: SUBSTITUICAO FILTROS INDUSTRIAIS BIG BLUE | C11: 1 | D11: 48 | E11: =VLOOKUP(A11, Página2!$A$1:$C$708, 3, FALSE) -> 6888325756
A12: 589 | B12: SUBSTITUICAO FILTRO IBBL FR600 | C12: 0.5 | D12: 48 | E12: =VLOOKUP(A12, Página2!$A$1:$C$708, 3, FALSE) -> 6888325754
A13: 588 | B13: SUBSTITUICAO FILTRO IBBL BAG80 | C13: 0.5 | D13: 48 | E13: =VLOOKUP(A13, Página2!$A$1:$C$708, 3, FALSE) -> 6888325752
... A708: 2 | B708: ADEQUACAO DE DRENO | C708: 0.5 | D708: 48 | E708: =VLOOKUP(A708, Página2!$A$1:$C$708, 3, FALSE) -> 6881878688

Sheet Página2
A1: Codigo | B1: DescrCompleta | C1: CodServ
A2: 1 | B2: MANUTENCAO CORRETIVA (SUBSTITUICAO DE KIT TURBINA COMPLETO) | C2: 6888324317
A3: 2 | B3: ADEQUACAO DE DRENO | C3: 6881878688
A4: 3 | B4: ADEQUACAO DE DUTOS E GRELHAS COMPLETAS | C4: 6888324319
A5: 4 | B5: ADEQUACAO DE SUPORTE DA EVAPORADORA PISO TETO/CASSETE | C5: 6888324321
A6: 5 | B6: ADEQUACAO DE SUPORTE DA EVAPORADORA SPLIT HIWALL | C6: 6888324323
A7: 6 | B7: ADEQUACAO DE SUPORTE DA CONDENSADORA PISO TETO/CASSETE | C7: 6888324325
A8: 7 | B8: ADEQUACAO DE SUPORTE DA CONDENSADORA SPLIT HIWALL | C8: 6881878704
A9: 8 | B9: ADEQUACAO DE INSTALACOES DE AR CONDICIONADO TIPO SPLIT | C9: 6888324327
A10: 9 | B10: ADICIONAL NOTURNO | C10: 6888324329
A11: 10 | B11: ADITIVO DE PRESTACAO DE SERVICO EM AR CONDICIONADO | C11: 6881878715
A12: 11 | B12: AJUSTE E CORRECAO DE CONECTORES E ACIONAMENTOS | C12: 6888324333
A13: 12 | B13: AJUSTE E LUBRIFICACAO DE TURBINA | C13: 6888324335
... A708: 707 | B708: AR CONDICIONADO INSTAL. HI WALL 09.000 FR 220V INVERTER ELGIN ECO INVERTER R-32 HORIZ. - (220V) - SISTEMA TOP PREMIUM | C708: 6888326010
